{
  "table_name": "T01_STATISTICA_FATTURATO",
  "columns": [
    { "name": "T01_ID", "type": "int", "description": "ID univoco" },
    { "name": "CodAGE", "type": "nvarchar(10)", "description": "Codice agente" },
    { "name": "AGE_DES", "type": "nvarchar(50)", "description": "Descrizione agente" },
    { "name": "Anno", "type": "nvarchar(255)", "description": "Anno di fatturazione" },
    { "name": "Mese", "type": "nvarchar(255)", "description": "Numero del mese" },
    { "name": "MeseDes", "type": "nvarchar(255)", "description": "Nome del mese" },
    { "name": "CodCLIENTE", "type": "nvarchar(10)", "description": "Codice cliente" },
    { "name": "CLIENTE_DES", "type": "nvarchar(50)", "description": "Descrizione cliente" },
    { "name": "CITTA", "type": "nvarchar(50)", "description": "Città cliente" },
    { "name": "PROVINCIA", "type": "nvarchar(50)", "description": "Provincia cliente" },
    { "name": "sNZN", "type": "nvarchar(10)", "description": "Nazione" },
    { "name": "CodZONA", "type": "nvarchar(10)", "description": "Codice Regione" },
    { "name": "ZONA_DES", "type": "nvarchar(50)", "description": "Descrizione Regione" },
    { "name": "CodCONPAG", "type": "nvarchar(10)", "description": "Codice condizione di pagamento" },
    { "name": "CONPAG_DES", "type": "nvarchar(50)", "description": "Descrizione condizione di pagamento" },
    { "name": "ARTICOLO", "type": "nvarchar(20)", "description": "Codice articolo" },
    { "name": "ART_DES_FATT", "type": "nvarchar(50)", "description": "Descrizione articolo" },
    { "name": "CATALOGO", "type": "nvarchar(20)", "description": "Catalogo" },
    { "name": "MISURA", "type": "nvarchar(100)", "description": "Misura" },
    { "name": "sUDM", "type": "nvarchar(10)", "description": "Unità di misura" },
    { "name": "QTA", "type": "float", "description": "Quantità" },
    { "name": "VALORE", "type": "float", "description": "Valore totale Vendita Articolo" },
    { "name": "iTotDocSegno", "type": "smallint", "description": "Segno del documento" },
    { "name": "IMPONIBILE_PROVV", "type": "float", "description": "Imponibile su cui calcolare provvigione" },
    { "name": "PROVVIGIONI", "type": "float", "description": "Importo provvigioni" },
    { "name": "VALUTA", "type": "nvarchar(10)", "description": "Valuta" },
    { "name": "dCambio", "type": "float", "description": "Cambio applicato" },
    { "name": "COSTO", "type": "float", "description": "Valore totale Costo Articolo" },
    { "name": "sGRM", "type": "nvarchar(10)", "description": "Codice Gruppo Articolo" },
    { "name": "GRM_DES", "type": "nvarchar(50)", "description": "Descrizione Gruppo Articolo" },
    { "name": "sSGM", "type": "nvarchar(10)", "description": "Codice Sottogruppo Articolo" },
    { "name": "SGM_DES", "type": "nvarchar(50)", "description": "Descrizione Sottogruppo Articolo" },
    { "name": "sTCF", "type": "varchar(10)", "description": "Codice Mercato" },
    { "name": "TCF_DES", "type": "nvarchar(50)", "description": "Descrizione Mercato" }
  ]
}
